Company Name,Industry,Symbol,Series,ISIN Code
360 ONE WAM LIMITED,Financial Services,360ONE,EQ,INE466L01038
3M India LIMITED,Diversified,3MINDIA,EQ,INE470A01017
ABB India LIMITED,Capital Goods,ABB,EQ,INE117A01022
ACC LIMITED,Construction Materials,ACC,EQ,INE012A01025
ACME Solar Holdings LIMITED,Power,ACMESOLAR,EQ,INE622W01025
AIA Engineering LIMITED,Capital Goods,AIAENG,EQ,INE212H01026
APL Apollo Tubes LIMITED,Capital Goods,APLAPOLLO,EQ,INE702C01027
AU Small Finance Bank LIMITED,Financial Services,AUBANK,EQ,INE949L01017
AWL Agri Business LIMITED,Fast Moving Consumer Goods,AWL,EQ,INE699H01024
Aadhar Housing Finance LIMITED,Financial Services,AADHARHFC,EQ,INE883F01010
Aarti Industries LIMITED,Chemicals,AARTIIND,EQ,INE769A01020
Aavas Financiers LIMITED,Financial Services,AAVAS,EQ,INE216P01012
Abbott India LIMITED,Healthcare,ABBOTINDIA,EQ,INE358A01014
Action Construction Equipment LIMITED,Capital Goods,ACE,EQ,INE731H01025
Adani Energy Solutions LIMITED,Power,ADANIENSOL,EQ,INE931S01010
Adani Enterprises LIMITED,Metals & Mining,ADANIENT,EQ,INE423A01024
Adani Green Energy LIMITED,Power,ADANIGREEN,EQ,INE364U01010
Adani Ports and Special Economic Zone LIMITED,Services,ADANIPORTS,EQ,INE742F01042
Adani Power LIMITED,Power,ADANIPOWER,EQ,INE814H01011
Adani Total Gas LIMITED,Oil Gas & Consumable Fuels,ATGL,EQ,INE399L01023
Aditya Birla Capital LIMITED,Financial Services,ABCAPITAL,EQ,INE674K01013
Aditya Birla Fashion and Retail LIMITED,Consumer Services,ABFRL,EQ,INE647O01011
Aditya Birla Real Estate LIMITED,Forest Materials,ABREL,EQ,INE055A01016
Aditya Birla Sun Life AMC LIMITED,Financial Services,ABSLAMC,EQ,INE404A01024
Aegis Logistics LIMITED,Oil Gas & Consumable Fuels,AEGISLOG,EQ,INE208C01025
Afcons Infrastructure LIMITED,Construction,AFCONS,EQ,INE101I01011
Affle 3i LIMITED,Information Technology,AFFLE,EQ,INE00WC01027
Ajanta Pharmaceuticals LIMITED,Healthcare,AJANTPHARM,EQ,INE031B01049
Akums Drugs and Pharmaceuticals LIMITED,Healthcare,AKUMS,EQ,INE09XN01023
Alembic Pharmaceuticals LIMITED,Healthcare,APLLTD,EQ,INE901L01018
Alivus Life Sciences LIMITED,Healthcare,ALIVUS,EQ,INE03Q201024
Alkem Laboratories LIMITED,Healthcare,ALKEM,EQ,INE540L01014
Alkyl Amines Chemicals LIMITED,Chemicals,ALKYLAMINE,EQ,INE150B01039
Alok Industries LIMITED,Textiles,ALOKINDS,EQ,INE270A01029
Amara Raja Energy & Mobility LIMITED,Automobile and Auto Components,ARE&M,EQ,INE885A01032
Amber Enterprises India LIMITED,Consumer Durables,AMBER,EQ,INE371P01015
Ambuja Cements LIMITED,Construction Materials,AMBUJACEM,EQ,INE079A01024
Anand Rathi Wealth LIMITED,Financial Services,ANANDRATHI,EQ,INE463V01026
Anant Raj LIMITED,Realty,ANANTRAJ,EQ,INE242C01024
Angel One LIMITED,Financial Services,ANGELONE,EQ,INE732I01013
Apar Industries LIMITED,Capital Goods,APARINDS,EQ,INE372A01015
Apollo Hospitals Enterprise LIMITED,Healthcare,APOLLOHOSP,EQ,INE437A01024
Apollo Tyres LIMITED,Automobile and Auto Components,APOLLOTYRE,EQ,INE438A01022
Aptus Value Housing Finance India LIMITED,Financial Services,APTUS,EQ,INE852O01025
Asahi India Glass LIMITED,Automobile and Auto Components,ASAHIINDIA,EQ,INE439A01020
Ashok Leyland LIMITED,Capital Goods,ASHOKLEY,EQ,INE208A01029
Asian Paints LIMITED,Consumer Durables,ASIANPAINT,EQ,INE021A01026
Aster DM Healthcare LIMITED,Healthcare,ASTERDM,EQ,INE914M01019
AstraZenca Pharma India LIMITED,Healthcare,ASTRAZEN,EQ,INE203A01020
Astral LIMITED,Capital Goods,ASTRAL,EQ,INE006I01046
Atul LIMITED,Chemicals,ATUL,EQ,INE100A01010
Aurobindo Pharma LIMITED,Healthcare,AUROPHARMA,EQ,INE406A01037
Authum Investment & Infrastructure LIMITED,Financial Services,AIIL,EQ,INE206F01022
Avenue Supermarts LIMITED,Consumer Services,DMART,EQ,INE192R01011
Axis Bank LIMITED,Financial Services,AXISBANK,EQ,INE238A01034
BASF India LIMITED,Chemicals,BASF,EQ,INE373A01013
BEML LIMITED,Capital Goods,BEML,EQ,INE258A01016
BLS International Services LIMITED,Consumer Services,BLS,EQ,INE153T01027
BSE LIMITED,Financial Services,BSE,EQ,INE118H01025
Bajaj Auto LIMITED,Automobile and Auto Components,BAJAJ-AUTO,EQ,INE917I01010
Bajaj Finance LIMITED,Financial Services,BAJFINANCE,EQ,INE296A01032
Bajaj Finserv LIMITED,Financial Services,BAJAJFINSV,EQ,INE918I01026
Bajaj Holdings & Investment LIMITED,Financial Services,BAJAJHLDNG,EQ,INE118A01012
Bajaj Housing Finance LIMITED,Financial Services,BAJAJHFL,EQ,INE377Y01014
Balkrishna Industries LIMITED,Automobile and Auto Components,BALKRISIND,EQ,INE787D01026
Balrampur Chini Mills LIMITED,Fast Moving Consumer Goods,BALRAMCHIN,EQ,INE119A01028
Bandhan Bank LIMITED,Financial Services,BANDHANBNK,EQ,INE545U01014
Bank of Baroda,Financial Services,BANKBARODA,EQ,INE028A01039
Bank of India,Financial Services,BANKINDIA,EQ,INE084A01016
Bank of Maharashtra,Financial Services,MAHABANK,EQ,INE457A01014
Bata India LIMITED,Consumer Durables,BATAINDIA,EQ,INE176A01028
Bayer Cropscience LIMITED,Chemicals,BAYERCROP,EQ,INE462A01022
Berger Paints India LIMITED,Consumer Durables,BERGEPAINT,EQ,INE463A01038
Bharat Dynamics LIMITED,Capital Goods,BDL,EQ,INE171Z01026
Bharat Electronics LIMITED,Capital Goods,BEL,EQ,INE263A01024
Bharat Forge LIMITED,Automobile and Auto Components,BHARATFORG,EQ,INE465A01025
Bharat Heavy Electricals LIMITED,Capital Goods,BHEL,EQ,INE257A01026
Bharat Petroleum Corporation LIMITED,Oil Gas & Consumable Fuels,BPCL,EQ,INE029A01011
Bharti Airtel LIMITED,Telecommunication,BHARTIARTL,EQ,INE397D01024
Bharti Hexacom LIMITED,Telecommunication,BHARTIHEXA,EQ,INE343G01021
Bikaji Foods International LIMITED,Fast Moving Consumer Goods,BIKAJI,EQ,INE00E101023
Biocon LIMITED,Healthcare,BIOCON,EQ,INE376G01013
Birlasoft LIMITED,Information Technology,BSOFT,EQ,INE836A01035
Blue Dart Express LIMITED,Services,BLUEDART,EQ,INE233B01017
Blue Star LIMITED,Consumer Durables,BLUESTARCO,EQ,INE472A01039
Bombay Burmah Trading Corporation LIMITED,Fast Moving Consumer Goods,BBTC,EQ,INE050A01025
Bosch LIMITED,Automobile and Auto Components,BOSCHLTD,EQ,INE323A01026
Brainbees Solutions LIMITED,Consumer Services,FIRSTCRY,EQ,INE02RE01045
Brigade Enterprises LIMITED,Realty,BRIGADE,EQ,INE791I01019
Britannia Industries LIMITED,Fast Moving Consumer Goods,BRITANNIA,EQ,INE216A01030
C.E. Info Systems LIMITED,Information Technology,MAPMYINDIA,EQ,INE0BV301023
CCL Products (I) LIMITED,Fast Moving Consumer Goods,CCL,EQ,INE421D01022
CESC LIMITED,Power,CESC,EQ,INE486A01021
CG Power and Industrial Solutions LIMITED,Capital Goods,CGPOWER,EQ,INE067A01029
CRISIL LIMITED,Financial Services,CRISIL,EQ,INE007A01025
Campus Activewear LIMITED,Consumer Durables,CAMPUS,EQ,INE278Y01022
Can Fin Homes LIMITED,Financial Services,CANFINHOME,EQ,INE477A01020
Canara Bank,Financial Services,CANBK,EQ,INE476A01022
Caplin Point Laboratories LIMITED,Healthcare,CAPLIPOINT,EQ,INE475E01026
Capri Global Capital LIMITED,Financial Services,CGCL,EQ,INE180C01042
Carborundum Universal LIMITED,Capital Goods,CARBORUNIV,EQ,INE120A01034
Castrol India LIMITED,Oil Gas & Consumable Fuels,CASTROLIND,EQ,INE172A01027
Ceat LIMITED,Automobile and Auto Components,CEATLTD,EQ,INE482A01020
Central Bank of India,Financial Services,CENTRALBK,EQ,INE483A01010
Central Depository Services (India) LIMITED,Financial Services,CDSL,EQ,INE736A01011
Century Plyboards (India) LIMITED,Consumer Durables,CENTURYPLY,EQ,INE348B01021
Cera Sanitaryware Ltd,Consumer Durables,CERA,EQ,INE739E01017
Chalet Hotels LIMITED,Consumer Services,CHALET,EQ,INE427F01016
Chambal Fertilizers & Chemicals LIMITED,Chemicals,CHAMBLFERT,EQ,INE085A01013
Chennai Petroleum Corporation LIMITED,Oil Gas & Consumable Fuels,CHENNPETRO,EQ,INE178A01016
Cholamandalam Financial Holdings LIMITED,Financial Services,CHOLAHLDNG,EQ,INE149A01033
Cholamandalam Investment and Finance Company LIMITED,Financial Services,CHOLAFIN,EQ,INE121A01024
Cipla LIMITED,Healthcare,CIPLA,EQ,INE059A01026
City Union Bank LIMITED,Financial Services,CUB,EQ,INE491A01021
Clean Science and Technology LIMITED,Chemicals,CLEAN,EQ,INE227W01023
Coal India LIMITED,Oil Gas & Consumable Fuels,COALINDIA,EQ,INE522F01014
Cochin Shipyard LIMITED,Capital Goods,COCHINSHIP,EQ,INE704P01025
Coforge LIMITED,Information Technology,COFORGE,EQ,INE591G01025
Cohance Lifesciences LIMITED,Healthcare,COHANCE,EQ,INE03QK01018
Colgate Palmolive (India) LIMITED,Fast Moving Consumer Goods,COLPAL,EQ,INE259A01022
Computer Age Management Services LIMITED,Financial Services,CAMS,EQ,INE596I01012
Concord Biotech LIMITED,Healthcare,CONCORDBIO,EQ,INE338H01029
Container Corporation of India LIMITED,Services,CONCOR,EQ,INE111A01025
Coromandel International LIMITED,Chemicals,COROMANDEL,EQ,INE169A01031
Craftsman Automation LIMITED,Automobile and Auto Components,CRAFTSMAN,EQ,INE00LO01017
CreditAccess Grameen LIMITED,Financial Services,CREDITACC,EQ,INE741K01010
Crompton Greaves Consumer Electricals LIMITED,Consumer Durables,CROMPTON,EQ,INE299U01018
Cummins India LIMITED,Capital Goods,CUMMINSIND,EQ,INE298A01020
Cyient LIMITED,Information Technology,CYIENT,EQ,INE136B01020
DCM Shriram LIMITED,Diversified,DCMSHRIRAM,EQ,INE499A01024
DLF LIMITED,Realty,DLF,EQ,INE271C01023
DOMS Industries LIMITED,Fast Moving Consumer Goods,DOMS,EQ,INE321T01012
Dabur India LIMITED,Fast Moving Consumer Goods,DABUR,EQ,INE016A01026
Dalmia Bharat LIMITED,Construction Materials,DALBHARAT,EQ,INE00R701025
Data Patterns (India) LIMITED,Capital Goods,DATAPATTNS,EQ,INE0IX101010
Deepak Fertilisers & Petrochemicals Corp. LIMITED,Chemicals,DEEPAKFERT,EQ,INE501A01019
Deepak Nitrite LIMITED,Chemicals,DEEPAKNTR,EQ,INE288B01029
Delhivery LIMITED,Services,DELHIVERY,EQ,INE148O01028
Devyani International LIMITED,Consumer Services,DEVYANI,EQ,INE872J01023
Divi's Laboratories LIMITED,Healthcare,DIVISLAB,EQ,INE361B01024
Dixon Technologies (India) LIMITED,Consumer Durables,DIXON,EQ,INE935N01020
Dr. Lal Path Labs LIMITED,Healthcare,LALPATHLAB,EQ,INE600L01024
Dr. Reddy's Laboratories LIMITED,Healthcare,DRREDDY,EQ,INE089A01031
Dummy Valor Estate LIMITED,Consumer Services,DUMMYDBRLT,BE,DUM879I01012
E.I.D. Parry (India) LIMITED,Fast Moving Consumer Goods,EIDPARRY,EQ,INE126A01031
EIH LIMITED,Consumer Services,EIHOTEL,EQ,INE230A01023
Eicher Motors LIMITED,Automobile and Auto Components,EICHERMOT,EQ,INE066A01021
Elecon Engineering Co. LIMITED,Capital Goods,ELECON,EQ,INE205B01031
Elgi Equipments LIMITED,Capital Goods,ELGIEQUIP,EQ,INE285A01027
Emami LIMITED,Fast Moving Consumer Goods,EMAMILTD,EQ,INE548C01032
Emcure Pharmaceuticals LIMITED,Healthcare,EMCURE,EQ,INE168P01015
Endurance Technologies LIMITED,Automobile and Auto Components,ENDURANCE,EQ,INE913H01037
Engineers India LIMITED,Construction,ENGINERSIN,EQ,INE510A01028
Eris Lifesciences LIMITED,Healthcare,ERIS,EQ,INE406M01024
Escorts Kubota LIMITED,Capital Goods,ESCORTS,EQ,INE042A01014
Eternal LIMITED,Consumer Services,ETERNAL,EQ,INE758T01015
Exide Industries LIMITED,Automobile and Auto Components,EXIDEIND,EQ,INE302A01020
FSN E-Commerce Ventures LIMITED,Consumer Services,NYKAA,EQ,INE388Y01029
Federal Bank LIMITED,Financial Services,FEDERALBNK,EQ,INE171A01029
Fertilisers and Chemicals Travancore LIMITED,Chemicals,FACT,EQ,INE188A01015
Finolex Cables LIMITED,Capital Goods,FINCABLES,EQ,INE235A01022
Finolex Industries LIMITED,Capital Goods,FINPIPE,EQ,INE183A01024
Firstsource Solutions LIMITED,Services,FSL,EQ,INE684F01012
Five-Star Business Finance LIMITED,Financial Services,FIVESTAR,EQ,INE128S01021
Fortis Healthcare LIMITED,Healthcare,FORTIS,EQ,INE061F01013
GAIL (India) LIMITED,Oil Gas & Consumable Fuels,GAIL,EQ,INE129A01019
GE Vernova T&D India LIMITED,Capital Goods,GVT&D,EQ,INE200A01026
GMR Airports LIMITED,Services,GMRAIRPORT,EQ,INE776C01039
Garden Reach Shipbuilders & Engineers LIMITED,Capital Goods,GRSE,EQ,INE382Z01011
General Insurance Corporation of India,Financial Services,GICRE,EQ,INE481Y01014
Gillette India LIMITED,Fast Moving Consumer Goods,GILLETTE,EQ,INE322A01010
Gland Pharma LIMITED,Healthcare,GLAND,EQ,INE068V01023
Glaxosmithkline Pharmaceuticals LIMITED,Healthcare,GLAXO,EQ,INE159A01016
Glenmark Pharmaceuticals LIMITED,Healthcare,GLENMARK,EQ,INE935A01035
Global Health LIMITED,Healthcare,MEDANTA,EQ,INE474Q01031
Go Digit General Insurance LIMITED,Financial Services,GODIGIT,EQ,INE03JT01014
Godawari Power & Ispat LIMITED,Capital Goods,GPIL,EQ,INE177H01039
Godfrey Phillips India LIMITED,Fast Moving Consumer Goods,GODFRYPHLP,EQ,INE260B01028
Godrej Agrovet LIMITED,Fast Moving Consumer Goods,GODREJAGRO,EQ,INE850D01014
Godrej Consumer Products LIMITED,Fast Moving Consumer Goods,GODREJCP,EQ,INE102D01028
Godrej Industries LIMITED,Diversified,GODREJIND,EQ,INE233A01035
Godrej Properties LIMITED,Realty,GODREJPROP,EQ,INE484J01027
Granules India LIMITED,Healthcare,GRANULES,EQ,INE101D01020
Graphite India LIMITED,Capital Goods,GRAPHITE,EQ,INE371A01025
Grasim Industries LIMITED,Construction Materials,GRASIM,EQ,INE047A01021
Gravita India LIMITED,Metals & Mining,GRAVITA,EQ,INE024L01027
Great Eastern Shipping Co. LIMITED,Services,GESHIP,EQ,INE017A01032
Gujarat Fluorochemicals LIMITED,Chemicals,FLUOROCHEM,EQ,INE09N301011
Gujarat Gas LIMITED,Oil Gas & Consumable Fuels,GUJGASLTD,EQ,INE844O01030
Gujarat Mineral Development Corporation LIMITED,Metals & Mining,GMDCLTD,EQ,INE131A01031
Gujarat Narmada Valley Fertilizers and Chemicals LIMITED,Chemicals,GNFC,EQ,INE113A01013
Gujarat Pipavav Port LIMITED,Services,GPPL,EQ,INE517F01014
Gujarat State Petronet LIMITED,Oil Gas & Consumable Fuels,GSPL,EQ,INE246F01010
H.E.G. LIMITED,Capital Goods,HEG,EQ,INE545A01024
HBL Engineering LIMITED,Capital Goods,HBLENGINE,EQ,INE292B01021
HCL Technologies LIMITED,Information Technology,HCLTECH,EQ,INE860A01027
HDFC Asset Management Company LIMITED,Financial Services,HDFCAMC,EQ,INE127D01025
HDFC Bank LIMITED,Financial Services,HDFCBANK,EQ,INE040A01034
HDFC Life Insurance Company LIMITED,Financial Services,HDFCLIFE,EQ,INE795G01014
HFCL LIMITED,Telecommunication,HFCL,EQ,INE548A01028
Happiest Minds Technologies LIMITED,Information Technology,HAPPSTMNDS,EQ,INE419U01012
Havells India LIMITED,Consumer Durables,HAVELLS,EQ,INE176B01034
Hero MotoCorp LIMITED,Automobile and Auto Components,HEROMOTOCO,EQ,INE158A01026
Himadri Speciality Chemical LIMITED,Chemicals,HSCL,EQ,INE019C01026
Hindalco Industries LIMITED,Metals & Mining,HINDALCO,EQ,INE038A01020
Hindustan Aeronautics LIMITED,Capital Goods,HAL,EQ,INE066F01020
Hindustan Copper LIMITED,Metals & Mining,HINDCOPPER,EQ,INE531E01026
Hindustan Petroleum Corporation LIMITED,Oil Gas & Consumable Fuels,HINDPETRO,EQ,INE094A01015
Hindustan Unilever LIMITED,Fast Moving Consumer Goods,HINDUNILVR,EQ,INE030A01027
Hindustan Zinc LIMITED,Metals & Mining,HINDZINC,EQ,INE267A01025
Hitachi Energy India LIMITED,Capital Goods,POWERINDIA,EQ,INE07Y701011
Home First Finance Company India LIMITED,Financial Services,HOMEFIRST,EQ,INE481N01025
Honasa Consumer LIMITED,Fast Moving Consumer Goods,HONASA,EQ,INE0J5401028
Honeywell Automation India LIMITED,Capital Goods,HONAUT,EQ,INE671A01010
Housing & Urban Development Corporation LIMITED,Financial Services,HUDCO,EQ,INE031A01017
Hyundai Motor India LIMITED,Automobile and Auto Components,HYUNDAI,EQ,INE0V6F01027
ICICI Bank LIMITED,Financial Services,ICICIBANK,EQ,INE090A01021
ICICI Lombard General Insurance Company LIMITED,Financial Services,ICICIGI,EQ,INE765G01017
ICICI Prudential Life Insurance Company LIMITED,Financial Services,ICICIPRULI,EQ,INE726G01019
IDBI Bank LIMITED,Financial Services,IDBI,EQ,INE008A01015
IDFC First Bank LIMITED,Financial Services,IDFCFIRSTB,EQ,INE092T01019
IFCI LIMITED,Financial Services,IFCI,EQ,INE039A01010
IIFL Finance LIMITED,Financial Services,IIFL,EQ,INE530B01024
INOX India LIMITED,Capital Goods,INOXINDIA,EQ,INE616N01034
IRB Infrastructure Developers LIMITED,Construction,IRB,EQ,INE821I01022
IRCON International LIMITED,Construction,IRCON,EQ,INE962Y01021
ITC LIMITED,Fast Moving Consumer Goods,ITC,EQ,INE154A01025
ITI LIMITED,Telecommunication,ITI,EQ,INE248A01017
Indegene LIMITED,Healthcare,INDGN,EQ,INE065X01017
India Cements LIMITED,Construction Materials,INDIACEM,EQ,INE383A01012
Indiamart Intermesh LIMITED,Consumer Services,INDIAMART,EQ,INE933S01016
Indian Bank,Financial Services,INDIANB,EQ,INE562A01011
Indian Energy Exchange LIMITED,Financial Services,IEX,EQ,INE022Q01020
Indian Hotels Co. LIMITED,Consumer Services,INDHOTEL,EQ,INE053A01029
Indian Oil Corporation LIMITED,Oil Gas & Consumable Fuels,IOC,EQ,INE242A01010
Indian Overseas Bank,Financial Services,IOB,EQ,INE565A01014
Indian Railway Catering And Tourism Corporation LIMITED,Consumer Services,IRCTC,EQ,INE335Y01020
Indian Railway Finance Corporation LIMITED,Financial Services,IRFC,EQ,INE053F01010
Indian Renewable Energy Development Agency LIMITED,Financial Services,IREDA,EQ,INE202E01016
Indraprastha Gas LIMITED,Oil Gas & Consumable Fuels,IGL,EQ,INE203G01027
Indus Towers LIMITED,Telecommunication,INDUSTOWER,EQ,INE121J01017
IndusInd Bank LIMITED,Financial Services,INDUSINDBK,EQ,INE095A01012
Info Edge (India) LIMITED,Consumer Services,NAUKRI,EQ,INE663F01032
Infosys LIMITED,Information Technology,INFY,EQ,INE009A01021
Inox Wind LIMITED,Capital Goods,INOXWIND,EQ,INE066P01011
Intellect Design Arena LIMITED,Information Technology,INTELLECT,EQ,INE306R01017
InterGlobe Aviation LIMITED,Services,INDIGO,EQ,INE646L01027
International Gemmological Institute (India) LIMITED,Services,IGIL,EQ,INE0Q9301021
Inventurus Knowledge Solutions LIMITED,Information Technology,IKS,EQ,INE115Q01022
Ipca Laboratories LIMITED,Healthcare,IPCALAB,EQ,INE571A01038
J.B. Chemicals & Pharmaceuticals LIMITED,Healthcare,JBCHEPHARM,EQ,INE572A01036
J.K. Cement LIMITED,Construction Materials,JKCEMENT,EQ,INE823G01014
JBM Auto LIMITED,Automobile and Auto Components,JBMA,EQ,INE927D01051
JK Tyre & Industries LIMITED,Automobile and Auto Components,JKTYRE,EQ,INE573A01042
JM Financial LIMITED,Financial Services,JMFINANCIL,EQ,INE780C01023
JSW Energy LIMITED,Power,JSWENERGY,EQ,INE121E01018
JSW Holdings LIMITED,Financial Services,JSWHL,EQ,INE824G01012
JSW Infrastructure LIMITED,Services,JSWINFRA,EQ,INE880J01026
JSW Steel LIMITED,Metals & Mining,JSWSTEEL,EQ,INE019A01038
Jaiprakash Power Ventures LIMITED,Power,JPPOWER,EQ,INE351F01018
Jammu & Kashmir Bank LIMITED,Financial Services,J&KBANK,EQ,INE168A01041
Jindal Saw LIMITED,Capital Goods,JINDALSAW,EQ,INE324A01032
Jindal Stainless LIMITED,Metals & Mining,JSL,EQ,INE220G01021
Jindal Steel & Power LIMITED,Metals & Mining,JINDALSTEL,EQ,INE749A01030
Jio Financial Services LIMITED,Financial Services,JIOFIN,EQ,INE758E01017
Jubilant Foodworks LIMITED,Consumer Services,JUBLFOOD,EQ,INE797F01020
Jubilant Ingrevia LIMITED,Chemicals,JUBLINGREA,EQ,INE0BY001018
Jubilant Pharmova LIMITED,Healthcare,JUBLPHARMA,EQ,INE700A01033
Jupiter Wagons LIMITED,Capital Goods,JWL,EQ,INE209L01016
Justdial LIMITED,Consumer Services,JUSTDIAL,EQ,INE599M01018
Jyothy Labs LIMITED,Fast Moving Consumer Goods,JYOTHYLAB,EQ,INE668F01031
Jyoti CNC Automation LIMITED,Capital Goods,JYOTICNC,EQ,INE980O01024
K.P.R. Mill LIMITED,Textiles,KPRMILL,EQ,INE930H01031
KEI Industries LIMITED,Capital Goods,KEI,EQ,INE878B01027
KNR Constructions LIMITED,Construction,KNRCON,EQ,INE634I01029
KPIT Technologies LIMITED,Information Technology,KPITTECH,EQ,INE04I401011
Kajaria Ceramics LIMITED,Consumer Durables,KAJARIACER,EQ,INE217B01036
Kalpataru Projects International LIMITED,Construction,KPIL,EQ,INE220B01022
Kalyan Jewellers India LIMITED,Consumer Durables,KALYANKJIL,EQ,INE303R01014
Kansai Nerolac Paints LIMITED,Consumer Durables,KANSAINER,EQ,INE531A01024
Karur Vysya Bank LIMITED,Financial Services,KARURVYSYA,EQ,INE036D01028
Kaynes Technology India LIMITED,Capital Goods,KAYNES,EQ,INE918Z01012
Kec International LIMITED,Construction,KEC,EQ,INE389H01022
Kfin Technologies LIMITED,Financial Services,KFINTECH,EQ,INE138Y01010
Kirloskar Brothers LIMITED,Capital Goods,KIRLOSBROS,EQ,INE732A01036
Kirloskar Oil Eng LIMITED,Capital Goods,KIRLOSENG,EQ,INE146L01010
Kotak Mahindra Bank LIMITED,Financial Services,KOTAKBANK,EQ,INE237A01028
Krishna Institute of Medical Sciences LIMITED,Healthcare,KIMS,EQ,INE967H01025
L&T Finance LIMITED,Financial Services,LTF,EQ,INE498L01015
L&T Technology Services LIMITED,Information Technology,LTTS,EQ,INE010V01017
LIC Housing Finance LIMITED,Financial Services,LICHSGFIN,EQ,INE115A01026
LT Foods LIMITED,Fast Moving Consumer Goods,LTFOODS,EQ,INE818H01020
LTIMindtree LIMITED,Information Technology,LTIM,EQ,INE214T01019
Larsen & Toubro LIMITED,Construction,LT,EQ,INE018A01030
Latent View Analytics LIMITED,Information Technology,LATENTVIEW,EQ,INE0I7C01011
Laurus Labs LIMITED,Healthcare,LAURUSLABS,EQ,INE947Q01028
Lemon Tree Hotels LIMITED,Consumer Services,LEMONTREE,EQ,INE970X01018
Life Insurance Corporation of India,Financial Services,LICI,EQ,INE0J1Y01017
Linde India LIMITED,Chemicals,LINDEINDIA,EQ,INE473A01011
Lloyds Metals And Energy LIMITED,Metals & Mining,LLOYDSME,EQ,INE281B01032
Lodha Developers LIMITED,Realty,LODHA,EQ,INE670K01029
Lupin LIMITED,Healthcare,LUPIN,EQ,INE326A01037
MMTC LIMITED,Services,MMTC,EQ,INE123F01029
MRF LIMITED,Automobile and Auto Components,MRF,EQ,INE883A01011
Mahanagar Gas LIMITED,Oil Gas & Consumable Fuels,MGL,EQ,INE002S01010
Maharashtra Seamless LIMITED,Capital Goods,MAHSEAMLES,EQ,INE271B01025
Mahindra & Mahindra Financial Services LIMITED,Financial Services,M&MFIN,EQ,INE774D01024
Mahindra & Mahindra LIMITED,Automobile and Auto Components,M&M,EQ,INE101A01026
Manappuram Finance LIMITED,Financial Services,MANAPPURAM,EQ,INE522D01027
Mangalore Refinery & Petrochemicals LIMITED,Oil Gas & Consumable Fuels,MRPL,EQ,INE103A01014
Mankind Pharma LIMITED,Healthcare,MANKIND,EQ,INE634S01028
Marico LIMITED,Fast Moving Consumer Goods,MARICO,EQ,INE196A01026
Maruti Suzuki India LIMITED,Automobile and Auto Components,MARUTI,EQ,INE585B01010
Mastek LIMITED,Information Technology,MASTEK,EQ,INE759A01021
Max Financial Services LIMITED,Financial Services,MFSL,EQ,INE180A01020
Max Healthcare Institute LIMITED,Healthcare,MAXHEALTH,EQ,INE027H01010
Mazagoan Dock Shipbuilders LIMITED,Capital Goods,MAZDOCK,EQ,INE249Z01020
Metropolis Healthcare LIMITED,Healthcare,METROPOLIS,EQ,INE112L01020
Minda Corporation LIMITED,Automobile and Auto Components,MINDACORP,EQ,INE842C01021
Motherson Sumi Wiring India LIMITED,Automobile and Auto Components,MSUMI,EQ,INE0FS801015
Motilal Oswal Financial Services LIMITED,Financial Services,MOTILALOFS,EQ,INE338I01027
MphasiS LIMITED,Information Technology,MPHASIS,EQ,INE356A01018
Multi Commodity Exchange of India LIMITED,Financial Services,MCX,EQ,INE745G01035
Muthoot Finance LIMITED,Financial Services,MUTHOOTFIN,EQ,INE414G01012
NATCO Pharma LIMITED,Healthcare,NATCOPHARM,EQ,INE987B01026
NBCC (India) LIMITED,Construction,NBCC,EQ,INE095N01031
NCC LIMITED,Construction,NCC,EQ,INE868B01028
NHPC LIMITED,Power,NHPC,EQ,INE848E01016
NLC India LIMITED,Power,NLCINDIA,EQ,INE589A01014
NMDC LIMITED,Metals & Mining,NMDC,EQ,INE584A01023
NMDC Steel LIMITED,Metals & Mining,NSLNISP,EQ,INE0NNS01018
NTPC Green Energy LIMITED,Power,NTPCGREEN,EQ,INE0ONG01011
NTPC LIMITED,Power,NTPC,EQ,INE733E01010
Narayana Hrudayalaya LIMITED,Healthcare,NH,EQ,INE410P01011
National Aluminium Co. LIMITED,Metals & Mining,NATIONALUM,EQ,INE139A01034
Nava LIMITED,Power,NAVA,EQ,INE725A01030
Navin Fluorine International LIMITED,Chemicals,NAVINFLUOR,EQ,INE048G01026
Nestle India LIMITED,Fast Moving Consumer Goods,NESTLEIND,EQ,INE239A01024
Netweb Technologies India LIMITED,Information Technology,NETWEB,EQ,INE0NT901020
Network18 Media & Investments LIMITED,Media Entertainment & Publication,NETWORK18,EQ,INE870H01013
Neuland Laboratories LIMITED,Healthcare,NEULANDLAB,EQ,INE794A01010
Newgen Software Technologies LIMITED,Information Technology,NEWGEN,EQ,INE619B01017
Nippon Life India Asset Management LIMITED,Financial Services,NAM-INDIA,EQ,INE298J01013
Niva Bupa Health Insurance Company LIMITED,Financial Services,NIVABUPA,EQ,INE995S01015
Nuvama Wealth Management LIMITED,Financial Services,NUVAMA,EQ,INE531F01015
Oberoi Realty LIMITED,Realty,OBEROIRLTY,EQ,INE093I01010
Oil & Natural Gas Corporation LIMITED,Oil Gas & Consumable Fuels,ONGC,EQ,INE213A01029
Oil India LIMITED,Oil Gas & Consumable Fuels,OIL,EQ,INE274J01014
Ola Electric Mobility LIMITED,Automobile and Auto Components,OLAELEC,EQ,INE0LXG01040
Olectra Greentech LIMITED,Automobile and Auto Components,OLECTRA,EQ,INE260D01016
One 97 Communications LIMITED,Financial Services,PAYTM,EQ,INE982J01020
Oracle Financial Services Software LIMITED,Information Technology,OFSS,EQ,INE881D01027
PB Fintech LIMITED,Financial Services,POLICYBZR,EQ,INE417T01026
PCBL Chemical LIMITED,Chemicals,PCBL,EQ,INE602A01031
PG Electroplast LIMITED,Consumer Durables,PGEL,EQ,INE457L01029
PI Industries LIMITED,Chemicals,PIIND,EQ,INE603J01030
PNB Housing Finance LIMITED,Financial Services,PNBHOUSING,EQ,INE572E01012
PNC Infratech LIMITED,Construction,PNCINFRA,EQ,INE195J01029
PTC Industries LIMITED,Capital Goods,PTCIL,EQ,INE596F01018
PVR INOX LIMITED,Media Entertainment & Publication,PVRINOX,EQ,INE191H01014
Page Industries LIMITED,Textiles,PAGEIND,EQ,INE761H01022
Patanjali Foods LIMITED,Fast Moving Consumer Goods,PATANJALI,EQ,INE619A01035
Persistent Systems LIMITED,Information Technology,PERSISTENT,EQ,INE262H01021
Petronet LNG LIMITED,Oil Gas & Consumable Fuels,PETRONET,EQ,INE347G01014
Pfizer LIMITED,Healthcare,PFIZER,EQ,INE182A01018
Phoenix Mills LIMITED,Realty,PHOENIXLTD,EQ,INE211B01039
Pidilite Industries LIMITED,Chemicals,PIDILITIND,EQ,INE318A01026
Piramal Enterprises LIMITED,Financial Services,PEL,EQ,INE140A01024
Piramal Pharma LIMITED,Healthcare,PPLPHARMA,EQ,INE0DK501011
Poly Medicure LIMITED,Healthcare,POLYMED,EQ,INE205C01021
Polycab India LIMITED,Capital Goods,POLYCAB,EQ,INE455K01017
Poonawalla Fincorp LIMITED,Financial Services,POONAWALLA,EQ,INE511C01022
Power Finance Corporation LIMITED,Financial Services,PFC,EQ,INE134E01011
Power Grid Corporation of India LIMITED,Power,POWERGRID,EQ,INE752E01010
Praj Industries LIMITED,Capital Goods,PRAJIND,EQ,INE074A01025
Premier Energies LIMITED,Capital Goods,PREMIERENE,EQ,INE0BS701011
Prestige Estates Projects LIMITED,Realty,PRESTIGE,EQ,INE811K01011
Punjab National Bank,Financial Services,PNB,EQ,INE160A01022
R R Kabel LIMITED,Capital Goods,RRKABEL,EQ,INE777K01022
RBL Bank LIMITED,Financial Services,RBLBANK,EQ,INE976G01028
REC LIMITED,Financial Services,RECLTD,EQ,INE020B01018
RHI MAGNESITA INDIA LIMITED,Capital Goods,RHIM,EQ,INE743M01012
RITES LIMITED,Construction,RITES,EQ,INE320J01015
Radico Khaitan Ltd,Fast Moving Consumer Goods,RADICO,EQ,INE944F01028
Rail Vikas Nigam LIMITED,Construction,RVNL,EQ,INE415G01027
Railtel Corporation Of India LIMITED,Telecommunication,RAILTEL,EQ,INE0DD101019
Rainbow Childrens Medicare LIMITED,Healthcare,RAINBOW,EQ,INE961O01016
Ramkrishna Forgings LIMITED,Automobile and Auto Components,RKFORGE,EQ,INE399G01023
Rashtriya Chemicals & Fertilizers LIMITED,Chemicals,RCF,EQ,INE027A01015
RattanIndia Enterprises LIMITED,Consumer Services,RTNINDIA,EQ,INE834M01019
Raymond Lifestyle LIMITED,Textiles,RAYMONDLSL,EQ,INE02ID01020
Raymond LIMITED,Realty,RAYMOND,EQ,INE301A01014
Redington LIMITED,Services,REDINGTON,EQ,INE891D01026
Reliance Industries LIMITED,Oil Gas & Consumable Fuels,RELIANCE,EQ,INE002A01018
Reliance Power LIMITED,Power,RPOWER,BE,INE614G01033
Route Mobile LIMITED,Telecommunication,ROUTE,EQ,INE450U01017
SBFC Finance LIMITED,Financial Services,SBFC,EQ,INE423Y01016
SBI Cards and Payment Services LIMITED,Financial Services,SBICARD,EQ,INE018E01016
SBI Life Insurance Company LIMITED,Financial Services,SBILIFE,EQ,INE123W01016
SJVN LIMITED,Power,SJVN,EQ,INE002L01015
SKF India LIMITED,Capital Goods,SKFINDIA,EQ,INE640A01023
SRF LIMITED,Chemicals,SRF,EQ,INE647A01010
Sagility India LIMITED,Information Technology,SAGILITY,EQ,INE0W2G01015
Sai Life Sciences LIMITED,Healthcare,SAILIFE,EQ,INE570L01029
Sammaan Capital LIMITED,Financial Services,SAMMAANCAP,EQ,INE148I01020
Samvardhana Motherson International LIMITED,Automobile and Auto Components,MOTHERSON,EQ,INE775A01035
Sapphire Foods India LIMITED,Consumer Services,SAPPHIRE,EQ,INE806T01020
Sarda Energy and Minerals LIMITED,Metals & Mining,SARDAEN,EQ,INE385C01021
Saregama India Ltd,Media Entertainment & Publication,SAREGAMA,EQ,INE979A01025
Schaeffler India LIMITED,Automobile and Auto Components,SCHAEFFLER,EQ,INE513A01022
Schneider Electric Infrastructure LIMITED,Capital Goods,SCHNEIDER,BE,INE839M01018
Shipping Corporation of India LIMITED,Services,SCI,EQ,INE109A01011
Shree Cement LIMITED,Construction Materials,SHREECEM,EQ,INE070A01015
Shree Renuka Sugars LIMITED,Fast Moving Consumer Goods,RENUKA,EQ,INE087H01022
Shriram Finance LIMITED,Financial Services,SHRIRAMFIN,EQ,INE721A01047
Shyam Metalics and Energy LIMITED,Capital Goods,SHYAMMETL,EQ,INE810G01011
Siemens LIMITED,Capital Goods,SIEMENS,EQ,INE003A01024
Signatureglobal (India) LIMITED,Realty,SIGNATURE,EQ,INE903U01023
Sobha LIMITED,Realty,SOBHA,EQ,INE671H01015
Solar Industries India LIMITED,Chemicals,SOLARINDS,EQ,INE343H01029
Sona BLW Precision Forgings LIMITED,Automobile and Auto Components,SONACOMS,EQ,INE073K01018
Sonata Software LIMITED,Information Technology,SONATSOFTW,EQ,INE269A01021
Star Health and Allied Insurance Company LIMITED,Financial Services,STARHEALTH,EQ,INE575P01011
State Bank of India,Financial Services,SBIN,EQ,INE062A01020
Steel Authority of India LIMITED,Metals & Mining,SAIL,EQ,INE114A01011
Sterling and Wilson Renewable Energy LIMITED,Construction,SWSOLAR,EQ,INE00M201021
Sumitomo Chemical India LIMITED,Chemicals,SUMICHEM,EQ,INE258G01013
Sun Pharmaceutical Industries LIMITED,Healthcare,SUNPHARMA,EQ,INE044A01036
Sun TV Network LIMITED,Media Entertainment & Publication,SUNTV,EQ,INE424H01027
Sundaram Finance LIMITED,Financial Services,SUNDARMFIN,EQ,INE660A01013
Sundram Fasteners LIMITED,Automobile and Auto Components,SUNDRMFAST,EQ,INE387A01021
Supreme Industries LIMITED,Capital Goods,SUPREMEIND,EQ,INE195A01028
Suzlon Energy LIMITED,Capital Goods,SUZLON,EQ,INE040H01021
Swan Energy LIMITED,Chemicals,SWANENERGY,EQ,INE665A01038
Swiggy LIMITED,Consumer Services,SWIGGY,EQ,INE00H001014
Syngene International LIMITED,Healthcare,SYNGENE,EQ,INE398R01022
Syrma SGS Technology LIMITED,Capital Goods,SYRMA,EQ,INE0DYJ01015
TBO Tek LIMITED,Consumer Services,TBOTEK,EQ,INE673O01025
TVS Motor Company LIMITED,Automobile and Auto Components,TVSMOTOR,EQ,INE494B01023
Tanla Platforms LIMITED,Information Technology,TANLA,EQ,INE483C01032
Tata Chemicals LIMITED,Chemicals,TATACHEM,EQ,INE092A01019
Tata Communications LIMITED,Telecommunication,TATACOMM,EQ,INE151A01013
Tata Consultancy Services LIMITED,Information Technology,TCS,EQ,INE467B01029
Tata Consumer Products LIMITED,Fast Moving Consumer Goods,TATACONSUM,EQ,INE192A01025
Tata Elxsi LIMITED,Information Technology,TATAELXSI,EQ,INE670A01012
Tata Investment Corporation LIMITED,Financial Services,TATAINVEST,EQ,INE672A01018
Tata Motors LIMITED,Automobile and Auto Components,TATAMOTORS,EQ,INE155A01022
Tata Power Co. LIMITED,Power,TATAPOWER,EQ,INE245A01021
Tata Steel LIMITED,Metals & Mining,TATASTEEL,EQ,INE081A01020
Tata Technologies LIMITED,Information Technology,TATATECH,EQ,INE142M01025
Tata Teleservices (Maharashtra) LIMITED,Telecommunication,TTML,BE,INE517B01013
Tech Mahindra LIMITED,Information Technology,TECHM,EQ,INE669C01036
Techno Electric & Engineering Company LIMITED,Construction,TECHNOE,EQ,INE285K01026
Tejas Networks LIMITED,Telecommunication,TEJASNET,EQ,INE010J01012
The New India Assurance Company LIMITED,Financial Services,NIACL,EQ,INE470Y01017
The Ramco Cements LIMITED,Construction Materials,RAMCOCEM,EQ,INE331A01037
Thermax LIMITED,Capital Goods,THERMAX,EQ,INE152A01029
Timken India LIMITED,Capital Goods,TIMKEN,EQ,INE325A01013
Titagarh Rail Systems LIMITED,Capital Goods,TITAGARH,EQ,INE615H01020
Titan Company LIMITED,Consumer Durables,TITAN,EQ,INE280A01028
Torrent Pharmaceuticals LIMITED,Healthcare,TORNTPHARM,EQ,INE685A01028
Torrent Power LIMITED,Power,TORNTPOWER,EQ,INE813H01021
Transformers And Rectifiers (India) LIMITED,Capital Goods,TARIL,EQ,INE763I01026
Trent LIMITED,Consumer Services,TRENT,EQ,INE849A01020
Trident LIMITED,Textiles,TRIDENT,EQ,INE064C01022
Triveni Engineering & Industries LIMITED,Fast Moving Consumer Goods,TRIVENI,EQ,INE256C01024
Triveni Turbine LIMITED,Capital Goods,TRITURBINE,EQ,INE152M01016
Tube Investments of India LIMITED,Automobile and Auto Components,TIINDIA,EQ,INE974X01010
UCO Bank,Financial Services,UCOBANK,EQ,INE691A01018
UNO Minda LIMITED,Automobile and Auto Components,UNOMINDA,EQ,INE405E01023
UPL LIMITED,Chemicals,UPL,EQ,INE628A01036
UTI Asset Management Company LIMITED,Financial Services,UTIAMC,EQ,INE094J01016
UltraTech Cement LIMITED,Construction Materials,ULTRACEMCO,EQ,INE481G01011
Union Bank of India,Financial Services,UNIONBANK,EQ,INE692A01016
United Breweries LIMITED,Fast Moving Consumer Goods,UBL,EQ,INE686F01025
United Spirits LIMITED,Fast Moving Consumer Goods,UNITDSPR,EQ,INE854D01024
Usha Martin LIMITED,Capital Goods,USHAMART,EQ,INE228A01035
V-Guard Industries LIMITED,Consumer Durables,VGUARD,EQ,INE951I01027
Valor Estate LIMITED,Consumer Services,DBREALTY,EQ,INE879I01012
Vardhman Textiles LIMITED,Textiles,VTL,EQ,INE825A01020
Varun Beverages LIMITED,Fast Moving Consumer Goods,VBL,EQ,INE200M01039
Vedant Fashions LIMITED,Consumer Services,MANYAVAR,EQ,INE825V01034
Vedanta LIMITED,Metals & Mining,VEDL,EQ,INE205A01025
Vijaya Diagnostic Centre LIMITED,Healthcare,VIJAYA,EQ,INE043W01024
Vishal Mega Mart LIMITED,Consumer Services,VMM,EQ,INE01EA01019
Vodafone Idea LIMITED,Telecommunication,IDEA,EQ,INE669E01016
Voltas LIMITED,Consumer Durables,VOLTAS,EQ,INE226A01021
Waaree Energies LIMITED,Capital Goods,WAAREEENER,EQ,INE377N01017
Welspun Corp LIMITED,Capital Goods,WELCORP,EQ,INE191B01025
Welspun Living LIMITED,Textiles,WELSPUNLIV,EQ,INE192B01031
Westlife Foodworld LIMITED,Consumer Services,WESTLIFE,EQ,INE274F01020
Whirlpool of India LIMITED,Consumer Durables,WHIRLPOOL,EQ,INE716A01013
Wipro LIMITED,Information Technology,WIPRO,EQ,INE075A01022
Wockhardt LIMITED,Healthcare,WOCKPHARMA,EQ,INE049B01025
Yes Bank LIMITED,Financial Services,YESBANK,EQ,INE528G01035
ZF Commercial Vehicle Control Systems India LIMITED,Automobile and Auto Components,ZFCVINDIA,EQ,INE342J01019
Zee Entertainment Enterprises LIMITED,Media Entertainment & Publication,ZEEL,EQ,INE256A01028
Zen Technologies LIMITED,Capital Goods,ZENTEC,EQ,INE251B01027
Zensar Technolgies LIMITED,Information Technology,ZENSARTECH,EQ,INE520A01027
Zydus Lifesciences LIMITED,Healthcare,ZYDUSLIFE,EQ,INE010B01027
eClerx Services LIMITED,Services,ECLERX,EQ,INE738I01010
